Filename, Class, X, Y, W, H
C:\Users\jur_chik\source\repos\441_2_zelenchuk\out_photo\cow_out.jpg, 9, 148.1787109375, 312.3067321777344, 184.98355102539062, 142.22842407226562
C:\Users\jur_chik\source\repos\441_2_zelenchuk\out_photo\person_out.jpg, 14, 20.992637634277344, 376.6809387207031, 188.61710357666016, 282.95330810546875
C:\Users\jur_chik\source\repos\441_2_zelenchuk\out_photo\cats_out.jpg, 7, 86.36434936523438, 307.0810241699219, 185.75164794921875, 208.4384765625
C:\Users\jur_chik\source\repos\441_2_zelenchuk\out_photo\bottle_out.jpg, 4, 143.5128173828125, 455.71746826171875, 120.43008422851562, 432.65443420410156
C:\Users\jur_chik\source\repos\441_2_zelenchuk\out_photo\bus_out.jpg, 5, 96.64431762695312, 268.5450439453125, 284.99151611328125, 165.5052490234375
C:\Users\jur_chik\source\repos\441_2_zelenchuk\out_photo\chair_out.jpg, 8, 134.81324768066406, 335.7090148925781, 213.73960876464844, 312.3556213378906
C:\Users\jur_chik\source\repos\441_2_zelenchuk\out_photo\cat_out.jpg, 7, 85.85957336425781, 409.9090576171875, 251.76170349121094, 352.1656951904297
